personal,family,site,dated,quant,reading
William,Dyer,DR-1,1927-02-08,rad,9.82
William,Dyer,DR-1,1927-02-08,sal,0.13
William,Dyer,DR-1,1927-02-10,rad,7.8
William,Dyer,DR-1,1927-02-10,sal,0.09
Anderson,Lake,DR-3,1930-01-07,sal,0.05
Frank,Pabodie,DR-3,1930-01-07,rad,8.41
Frank,Pabodie,DR-3,1930-01-07,temp,-21.5
Frank,Pabodie,DR-3,1930-01-12,rad,7.22
Anderson,Lake,DR-3,1930-02-26,sal,0.1
Frank,Pabodie,DR-3,1930-02-26,rad,4.35
Frank,Pabodie,DR-3,1930-02-26,temp,-18.5
Anderson,Lake,DR-3,,rad,2.19
Anderson,Lake,DR-3,,sal,0.09
Anderson,Lake,DR-3,,temp,-16.0
Valentina,Roerich,DR-3,,sal,41.6
Anderson,Lake,MSK-4,1932-01-14,rad,1.46
Anderson,Lake,MSK-4,1932-01-14,sal,0.21
Valentina,Roerich,MSK-4,1932-01-14,sal,22.5
Valentina,Roerich,DR-1,1932-03-22,rad,11.25
